{
    "accuracy": 0.6087239583333334,
    "classification_report": {
        "negativa": {
            "precision": 0.48576214405360135,
            "recall": 0.3211517165005537,
            "f1-score": 0.38666666666666666,
            "support": 1806.0
        },
        "neutra": {
            "precision": 0.6312396389758703,
            "recall": 0.7257518000847099,
            "f1-score": 0.6752044133582898,
            "support": 4722.0
        },
        "positiva": {
            "precision": 0.6146766771615403,
            "recall": 0.6008522727272727,
            "f1-score": 0.6076858613671735,
            "support": 4224.0
        },
        "accuracy": 0.6087239583333334,
        "macro avg": {
            "precision": 0.577226153397004,
            "recall": 0.5492519297708455,
            "f1-score": 0.5565189804640434,
            "support": 10752.0
        },
        "weighted avg": {
            "precision": 0.6002970881450158,
            "recall": 0.6087239583333334,
            "f1-score": 0.6002139432935998,
            "support": 10752.0
        }
    },
    "confusion_matrix": [
        [
            580,
            661,
            565
        ],
        [
            269,
            3427,
            1026
        ],
        [
            345,
            1341,
            2538
        ]
    ]
}